<?xml version="1.0"?>
<tree><title>Test Tree 001a</title><description>A simple test decision tree to help choose grub.</description><branch id="1"><content>Do you eat meat?</content><fork target="1.1">Yes</fork><fork target="1.2">No</fork></branch><branch id="1.1"><content>Do you like red meat??</content><fork target="1.1.1">Yes</fork><fork target="1.1.2">No</fork></branch><branch id="1.2"><content>Do you like faux-meat?</content><fork target="1.2.1">Yes</fork><fork target="1.2.2">No</fork></branch><branch id="1.1.1"><content>How about a steak?</content><fork target="1.1.1.1">Yes</fork><fork target="1.1.1.2">No</fork></branch><branch id="1.1.2"><content>How about some chicken?</content></branch><branch id="1.2.1"><content>How about a veggie burger?</content></branch><branch id="1.2.2"><content>How about a salad?</content></branch><branch id="1.1.1.1"><content>http://google.com</content></branch><branch id="1.1.1.2"><content>http://bing.com</content></branch><revision>xml/tree0001.xml.1333819328</revision><revision>xml/tree0001.xml.1333819346</revision><revision>xml/tree0001.xml.1333819369</revision><revision>xml/tree0001.xml.1333819373</revision><revision>xml/tree0001.xml.1333892993</revision><revision>xml/tree0001.xml.1333893019</revision><revision>xml/tree0001.xml.1333893058</revision><revision>xml/tree0001.xml.1333893086</revision><revision>xml/tree0001.xml.1333893090</revision><revision>xml/tree0001.xml.1333893098</revision></tree>
