<?xml version="1.0"?>
<tree><title>Search Engines</title><description>bla bla bla</description><branch id="1.2"><content></content></branch><branch id="1"><content>What type of search?</content><fork target="1.2">&lt;a href=\'http://google.com\'&gt;Google&lt;/a&gt;</fork><fork target="1.3">Bing</fork></branch><branch id="1.3"><content></content></branch><revision>xml/tree1333821645.xml.1333821672</revision><revision>xml/tree1333821645.xml.1333821698</revision><revision>xml/tree1333821645.xml.1333821740</revision></tree>
